last_name,personal_name,number
大桑,和樹,12345678
大桑,浩樹,12345679
大桑,聖也,12345610
大桑,あずさ,12345611
尾瀬,麻美,09876543
エスピー,誠二,12345678
仲吉,黄石,135796432
大伴,五男,24686432
高月,信吾,12345678
船木,高央,12345678
倉光,六之助,12345678
桐谷,扇緑,12345678
ヤナーエフ,秀也,12345678
直江,多賀子,12345678
中陣,英洋,12345678
串山,童子,12345678
永堀,こういち,98761234
三須,パイリン,12345678	
垣脇,和年,67894532	
キッシンジャー,武憲,09876543	
矢花,稲次郎,22223333
橘高,頼康,76541239	
サレハ,義武,12345678	
羽生田,勲男,23456789
藤山,兼良,55558888	
ロペス,清重,12345678
奈須川,寛仁,123456
潘,真樹,12345678
飯端,文則,12345678
玉水,みつの,12345678
八沢,花外,12345678
袖川,信助,12345678
永洞,津弥子,12345678
能登,憲春,12345678
真城,つやの,12345678
那賀,貞載,12345678
垣谷,桜子,12345678
大桑,和樹,12345678
大桑,浩樹,12345679
大桑,聖也,12345610
大桑,あずさ,12345611
尾瀬,麻美,09876543
エスピー,誠二,12345678
仲吉,黄石,135796432
大伴,五男,24686432
高月,信吾,12345678
船木,高央,12345678
倉光,六之助,12345678
桐谷,扇緑,12345678
ヤナーエフ,秀也,12345678
直江,多賀子,12345678
中陣,英洋,12345678
串山,童子,12345678
永堀,こういち,98761234
三須,パイリン,12345678	
垣脇,和年,67894532	
キッシンジャー,武憲,09876543	
矢花,稲次郎,22223333
橘高,頼康,76541239	
サレハ,義武,12345678	
羽生田,勲男,23456789
藤山,兼良,55558888	
ロペス,清重,12345678
奈須川,寛仁,123456
潘,真樹,12345678
飯端,文則,12345678
玉水,みつの,12345678
八沢,花外,12345678
袖川,信助,12345678
永洞,津弥子,12345678
能登,憲春,12345678
真城,つやの,12345678
那賀,貞載,12345678
垣谷,桜子,12345678
大桑,和樹,12345678
大桑,浩樹,12345679
大桑,聖也,12345610
大桑,あずさ,12345611
尾瀬,麻美,09876543
エスピー,誠二,12345678
仲吉,黄石,135796432
大伴,五男,24686432
高月,信吾,12345678
船木,高央,12345678
倉光,六之助,12345678
桐谷,扇緑,12345678
ヤナーエフ,秀也,12345678
直江,多賀子,12345678
中陣,英洋,12345678
串山,童子,12345678
永堀,こういち,98761234
三須,パイリン,12345678	
垣脇,和年,67894532	
キッシンジャー,武憲,09876543	
矢花,稲次郎,22223333
橘高,頼康,76541239	
サレハ,義武,12345678	
羽生田,勲男,23456789
藤山,兼良,55558888	
ロペス,清重,12345678
奈須川,寛仁,123456
潘,真樹,12345678
飯端,文則,12345678
玉水,みつの,12345678
八沢,花外,12345678
袖川,信助,12345678
永洞,津弥子,12345678
能登,憲春,12345678
真城,つやの,12345678
那賀,貞載,12345678
垣谷,桜子,12345678